,SR.,NAME,GENDER,AGE,DATE ,COUNTRY
0,1.0,Dett,Male,18.0,21/05/2015,Great Britain
1,2.0,Nern ,Female,19.0,15/10/2017,France
2,3.0,Kallsie,Male,20.0,16/08/2016,France
3,4.0,Siuau,Female,21.0,21/05/2015,Great Britain
4,5.0,Shennice,Male,22.0,21/05/2016,France
5,6.0,Chasse,Female,23.0,15/10/2018,France
6,7.0,Tommye,Male,24.0,16/08/2017,United States
7,8.0,Dorcast,Female,25.0,21/05/2016,United States
8,9.0,Angelee,Male,26.0,21/05/2017,Great Britain
9,10.0,Willoom,Female,27.0,15/10/2019,France
